File,paul15
Acc_Name,ARI,NMI,time_consuming
Acc_SC3,0.413,0.5586,
Acc_CIDR,0.1786,0.3665,
Acc_Seurat,0.3599,0.5761,
Acc_tsne,0.5153,0.5267,
Acc_SIMLR,0.3969,0.5531,
Acc_SAFE,0.5761,0.5697,
Acc_SAME,0.4152,0.5818,
Acc_CTEC_OB,0.4249,0.4961,9.540377140045166
Acc_CTEC_DB,0.5407,0.54,0.2099924087524414

