File,macaque_bc
Acc_Name,ARI,NMI,time_consuming
Acc_SC3,0.7054,0.8426,
Acc_CIDR,0.1204,0.2582,
Acc_Seurat,0.4612,0.768,
Acc_tsne,0.5321,0.7215,
Acc_SIMLR,0.6244,0.7291,
Acc_SAFE,0.6018,0.708,
Acc_SAME,0.6395,0.8003,
Acc_CTEC_OB,0.7249,0.7853,99.28093934059143
Acc_CTEC_DB,0.7204,0.7771,0.5599958896636963

