File,human_pbmc_GSE96583
Acc_Name,ARI,NMI,time_consuming
Acc_SC3,0.4056,0.4958,
Acc_CIDR,0.2746,0.3887,
Acc_Seurat,0.4483,0.619,
Acc_tsne,0.4899,0.6213,
Acc_SIMLR,0.4747,0.6247,
Acc_SAFE,0.4834,0.6161,
Acc_SAME,0.4805,0.6344,
Acc_CTEC_OB,0.5664,0.5793,95.28481984138489
Acc_CTEC_DB,0.684,0.6561,0.37999916076660156

