File,human_pancreas
Acc_Name,ARI,NMI,time_consuming
Acc_SC3,0.6764,0.7095,
Acc_CIDR,0.7575,0.7772,
Acc_Seurat,0.513,0.7462,
Acc_tsne,0.529,0.7277,
Acc_SIMLR,0.5122,0.7299,
Acc_SAFE,0.575,0.7022,
Acc_SAME,0.5509,0.7655,
Acc_CTEC_OB,0.7537,0.7538,13.89785647392273
Acc_CTEC_DB,0.6235,0.6603,0.26999664306640625

