File,mouse_cortex_SCP425
Acc_Name,ARI,NMI,time_consuming
Acc_SC3,0.3091,0.5113,
Acc_CIDR,0.1727,0.3313,
Acc_Seurat,0.1989,0.492,
Acc_tsne,0.1618,0.4683,
Acc_SIMLR,0.358,0.4726,
Acc_SAFE,0.3389,0.4883,
Acc_SAME,0.1834,0.4967,
Acc_CTEC_OB,0.5321,0.4516,53.43977355957031
Acc_CTEC_DB,0.5068,0.4996,0.3100011348724365

